{
  "node_version": "v24.12.0",
  "runs": 5,
  "v8": {
    "cold_start_ns": {
      "max": 2296800.0000000186,
      "mean": 271801.6000000004,
      "median": 251599.99999999627,
      "min": 213300.0000000038,
      "p95": 368699.9999999898,
      "p99": 529500.0000000413,
      "runs": 500,
      "stddev": 110578.51544237752
    },
    "warm_exec_ns": {
      "max": 2839799.9999999683,
      "mean": 2725.059999999546,
      "median": 1899.9999999778083,
      "min": 1699.999999971169,
      "p95": 2700.0000000043656,
      "p99": 5099.9999999703505,
      "runs": 5000,
      "stddev": 40278.82895512684
    }
  },
  "v8_compat": {
    "correct": true,
    "has_body": true,
    "status": 200
  },
  "v8_rss": {
    "count": 10000,
    "per_context": {
      "max": 188488,
      "mean": 48791.6,
      "median": 14178,
      "min": 13417,
      "p95": 188488,
      "p99": 188488,
      "runs": 5,
      "stddev": 69849.02722472232
    },
    "rss_delta": {
      "max": 1884880896,
      "mean": 487914700.8,
      "median": 141778944,
      "min": 134168576,
      "p95": 1884880896,
      "p99": 1884880896,
      "runs": 5,
      "stddev": 698491367.3808355
    },
    "runs": 5
  },
  "v8_version": "13.6.233.17-node.37",
  "version": "unified-v10",
  "workers": {
    "cold_start_ns": {
      "max": 100316200.0,
      "mean": 71840940,
      "median": 68608100.00000003,
      "min": 57441500.00000002,
      "p95": 100316200.0,
      "p99": 100316200.0,
      "runs": 5,
      "stddev": 14831105.283234952
    },
    "warm_exec_ns": {
      "max": 5386900.0000001965,
      "mean": 1084500.9000000048,
      "median": 1010600.0000000676,
      "min": 732900.0000001998,
      "p95": 1577399.9999998978,
      "p99": 2288099.999999986,
      "runs": 1000,
      "stddev": 355297.2008744053
    }
  },
  "workers_compat": {
    "correct": true,
    "has_body": true,
    "status": 200
  },
  "workers_rss": {
    "actual_count": 100,
    "extrapolated_10k_mb": {
      "max": 6013.669967651367,
      "mean": 2293.3578491210938,
      "median": 4492.1875,
      "min": -3625.783920288086,
      "p95": 6013.669967651367,
      "p99": 6013.669967651367,
      "runs": 3,
      "stddev": 4231.304502523696
    },
    "per_worker": {
      "max": 630579,
      "mean": 240476,
      "median": 471040,
      "min": -380191,
      "p95": 630579,
      "p99": 630579,
      "runs": 3,
      "stddev": 443684.43500382866
    },
    "rss_delta": {
      "max": 63057920,
      "mean": 24047616,
      "median": 47104000,
      "min": -38019072,
      "p95": 63057920,
      "p99": 63057920,
      "runs": 3,
      "stddev": 44368436.30561864
    },
    "runs": 3,
    "target_count": 10000
  },
  "workex": {
    "cold_start_ns": {
      "mean": 322740.0,
      "median": 219800.0,
      "p99": 759200.0,
      "stddev": 218435.22243447826
    },
    "compat": true,
    "rss_10k": {
      "mean_bytes": 657478997.3333334,
      "median_bytes": 657334272.0,
      "per_isolate_kb": 64.20693333333334
    },
    "warm_exec_ns": {
      "mean": 6348.790000000001,
      "median": 6242.0,
      "p99": 6799.85,
      "stddev": 231.68218187853813
    }
  }
}