{
  "node_version": "v24.12.0",
  "runs": 5,
  "v8": {
    "cold_start_ns": {
      "max": 2540699.9999999586,
      "mean": 253867.59999999864,
      "median": 236299.9999999715,
      "min": 209800.00000002977,
      "p95": 309199.9999999757,
      "p99": 715599.9999999949,
      "runs": 500,
      "stddev": 119292.134989024
    },
    "warm_exec_ns": {
      "max": 3372700.000000009,
      "mean": 3001.98000000011,
      "median": 1900.0000000346515,
      "min": 1599.999999996271,
      "p95": 4399.999999975535,
      "p99": 5500.0000000404725,
      "runs": 5000,
      "stddev": 47761.377221344985
    }
  },
  "v8_compat": {
    "correct": true,
    "has_body": true,
    "status": 200
  },
  "v8_rss": {
    "count": 10000,
    "per_context": {
      "max": 188474,
      "mean": 48820.4,
      "median": 14046,
      "min": 13448,
      "p95": 188474,
      "p99": 188474,
      "runs": 5,
      "stddev": 69827.51462453752
    },
    "rss_delta": {
      "max": 1884737536,
      "mean": 488203878.4,
      "median": 140464128,
      "min": 134483968,
      "p95": 1884737536,
      "p99": 1884737536,
      "runs": 5,
      "stddev": 698273967.3617424
    },
    "runs": 5
  },
  "v8_version": "13.6.233.17-node.37",
  "version": "unified-v13",
  "workers": {
    "cold_start_ns": {
      "max": 139017799.99999997,
      "mean": 92283840,
      "median": 86158599.99999999,
      "min": 67604100.00000001,
      "p95": 139017799.99999997,
      "p99": 139017799.99999997,
      "runs": 5,
      "stddev": 25730152.306319512
    },
    "warm_exec_ns": {
      "max": 5468299.999999999,
      "mean": 1169925.7000000018,
      "median": 1067800.0000000338,
      "min": 817300.0000001594,
      "p95": 1730399.9999999178,
      "p99": 2841200.0000000717,
      "runs": 1000,
      "stddev": 415681.75765783864
    }
  },
  "workers_compat": {
    "correct": true,
    "has_body": true,
    "status": 200
  },
  "workers_rss": {
    "actual_count": 100,
    "extrapolated_10k_mb": {
      "max": 6054.296493530273,
      "mean": 189.1930898030599,
      "median": 2057.809829711914,
      "min": -7544.527053833008,
      "p95": 6054.296493530273,
      "p99": 6054.296493530273,
      "runs": 3,
      "stddev": 5706.767728383626
    },
    "per_worker": {
      "max": 634839,
      "mean": 19838.333333333332,
      "median": 215777,
      "min": -791101,
      "p95": 634839,
      "p99": 634839,
      "runs": 3,
      "stddev": 598397.9677557589
    },
    "rss_delta": {
      "max": 63483904,
      "mean": 1983829.3333333333,
      "median": 21577728,
      "min": -79110144,
      "p95": 63483904,
      "p99": 63483904,
      "runs": 3,
      "stddev": 59839821.07803174
    },
    "runs": 3,
    "target_count": 10000
  },
  "workex": {
    "cold_start_ns": {
      "mean": 383040.0,
      "median": 230200.0,
      "p99": 993800.0,
      "stddev": 305503.76495225064
    },
    "compat": true,
    "rss_10k": {
      "mean_bytes": 657481728.0,
      "median_bytes": 657338368.0,
      "per_isolate_kb": 64.2072
    },
    "warm_exec_ns": {
      "mean": 5936.74,
      "median": 5536.6,
      "p99": 7479.85,
      "stddev": 791.7132469524557
    }
  }
}