{
  "node_version": "v24.12.0",
  "runs": 5,
  "v8": {
    "cold_start_ns": {
      "max": 2134800.000000041,
      "mean": 251167.20000000024,
      "median": 238499.99999998772,
      "min": 209699.999999998,
      "p95": 302700.0000000157,
      "p99": 499799.99999999336,
      "runs": 500,
      "stddev": 91959.39780229246
    },
    "warm_exec_ns": {
      "max": 2888200.0000000405,
      "mean": 3188.0199999997635,
      "median": 1999.9999999527065,
      "min": 1699.999999971169,
      "p95": 5200.000000002092,
      "p99": 6199.999999978445,
      "runs": 5000,
      "stddev": 40971.46458792569
    }
  },
  "v8_compat": {
    "correct": true,
    "has_body": true,
    "status": 200
  },
  "v8_rss": {
    "count": 10000,
    "per_context": {
      "max": 188786,
      "mean": 48706.4,
      "median": 13652,
      "min": 13461,
      "p95": 188786,
      "p99": 188786,
      "runs": 5,
      "stddev": 70040.16022997092
    },
    "rss_delta": {
      "max": 1887858688,
      "mean": 487062732.8,
      "median": 136515584,
      "min": 134606848,
      "p95": 1887858688,
      "p99": 1887858688,
      "runs": 5,
      "stddev": 700401587.7303159
    },
    "runs": 5
  },
  "v8_version": "13.6.233.17-node.37",
  "version": "unified-v7",
  "workers": {
    "cold_start_ns": {
      "max": 142635400,
      "mean": 88075080,
      "median": 73751800,
      "min": 70235300.00000004,
      "p95": 142635400,
      "p99": 142635400,
      "runs": 5,
      "stddev": 27681242.84344183
    },
    "warm_exec_ns": {
      "max": 6157999.999999902,
      "mean": 1165630.999999997,
      "median": 1081899.999999905,
      "min": 758599.9999998875,
      "p95": 1646299.999999883,
      "p99": 2550999.999999931,
      "runs": 1000,
      "stddev": 391912.60824194114
    }
  },
  "workers_compat": {
    "correct": true,
    "has_body": true,
    "status": 200
  },
  "workers_rss": {
    "actual_count": 100,
    "extrapolated_10k_mb": {
      "max": 6058.597564697266,
      "mean": 392.0586903889974,
      "median": 642.1852111816406,
      "min": -5524.606704711914,
      "p95": 6058.597564697266,
      "p99": 6058.597564697266,
      "runs": 3,
      "stddev": 4732.1297350500745
    },
    "per_worker": {
      "max": 635290,
      "mean": 41110.333333333336,
      "median": 67338,
      "min": -579297,
      "p95": 635290,
      "p99": 635290,
      "runs": 3,
      "stddev": 496199.7669059867
    },
    "rss_delta": {
      "max": 63528960,
      "mean": 4111018.6666666665,
      "median": 6733824,
      "min": -57929728,
      "p95": 63528960,
      "p99": 63528960,
      "runs": 3,
      "stddev": 49619972.81695317
    },
    "runs": 3,
    "target_count": 10000
  },
  "workex": {
    "cold_start_ns": {
      "mean": 318440.0,
      "median": 234200.0,
      "p99": 667600.0,
      "stddev": 175559.60355389278
    },
    "compat": true,
    "rss_10k": {
      "mean_bytes": 657491285.3333334,
      "median_bytes": 657346560.0,
      "per_isolate_kb": 64.20813333333334
    },
    "warm_exec_ns": {
      "mean": 13517.630000000001,
      "median": 13133.5,
      "p99": 15360.55,
      "stddev": 936.3135727949261
    }
  }
}