{
  "node_version": "v24.12.0",
  "runs": 5,
  "v8": {
    "cold_start_ns": {
      "max": 2401599.9999999735,
      "mean": 259859.1999999986,
      "median": 235500.0000000018,
      "min": 205199.99999999072,
      "p95": 366199.9999999921,
      "p99": 725400.000000036,
      "runs": 500,
      "stddev": 118920.01250992068
    },
    "warm_exec_ns": {
      "max": 2432200.000000023,
      "mean": 2687.499999999908,
      "median": 1899.9999999778083,
      "min": 1699.999999971169,
      "p95": 2799.9999999792635,
      "p99": 5100.000000027194,
      "runs": 5000,
      "stddev": 34613.45342132191
    }
  },
  "v8_compat": {
    "correct": true,
    "has_body": true,
    "status": 200
  },
  "v8_rss": {
    "count": 10000,
    "per_context": {
      "max": 189469,
      "mean": 49186.8,
      "median": 14147,
      "min": 13705,
      "p95": 189469,
      "p99": 189469,
      "runs": 5,
      "stddev": 70141.9053245633
    },
    "rss_delta": {
      "max": 1894686720,
      "mean": 491867340.8,
      "median": 141471744,
      "min": 137048064,
      "p95": 1894686720,
      "p99": 1894686720,
      "runs": 5,
      "stddev": 701417752.6550381
    },
    "runs": 5
  },
  "v8_version": "13.6.233.17-node.37",
  "version": "unified-v11",
  "workers": {
    "cold_start_ns": {
      "max": 176669900.00000003,
      "mean": 104012579.99999996,
      "median": 85305900.00000006,
      "min": 63199399.99999997,
      "p95": 176669900.00000003,
      "p99": 176669900.00000003,
      "runs": 5,
      "stddev": 43911047.84253731
    },
    "warm_exec_ns": {
      "max": 5249499.9999998985,
      "mean": 1074593.8999999997,
      "median": 1006399.9999999852,
      "min": 755599.9999999586,
      "p95": 1468599.999999924,
      "p99": 2391300.000000001,
      "runs": 1000,
      "stddev": 319246.56964921055
    }
  },
  "workers_compat": {
    "correct": true,
    "has_body": true,
    "status": 200
  },
  "workers_rss": {
    "actual_count": 100,
    "extrapolated_10k_mb": {
      "max": 2114.4485473632812,
      "mean": -510.6767018636067,
      "median": 1928.129196166992,
      "min": -5574.607849121094,
      "p95": 2114.4485473632812,
      "p99": 2114.4485473632812,
      "runs": 3,
      "stddev": 3581.547870523856
    },
    "per_worker": {
      "max": 221716,
      "mean": -53548.333333333336,
      "median": 202179,
      "min": -584540,
      "p95": 221716,
      "p99": 221716,
      "runs": 3,
      "stddev": 375552.51398824225
    },
    "rss_delta": {
      "max": 22171648,
      "mean": -5354837.333333333,
      "median": 20217856,
      "min": -58454016,
      "p95": 22171648,
      "p99": 22171648,
      "runs": 3,
      "stddev": 37555260.6798813
    },
    "runs": 3,
    "target_count": 10000
  },
  "workex": {
    "cold_start_ns": {
      "mean": 297780.0,
      "median": 219200.0,
      "p99": 648100.0,
      "stddev": 175380.64203326433
    },
    "compat": true,
    "rss_10k": {
      "mean_bytes": 657481728.0,
      "median_bytes": 657330176.0,
      "per_isolate_kb": 64.2072
    },
    "warm_exec_ns": {
      "mean": 5365.35,
      "median": 5260.4,
      "p99": 5833.35,
      "stddev": 235.9274189237022
    }
  }
}