{
  "node_version": "v24.12.0",
  "runs": 5,
  "v8": {
    "cold_start_ns": {
      "max": 2459999.9999999795,
      "mean": 262849.99999999977,
      "median": 238299.99999998108,
      "min": 213199.9999999721,
      "p95": 346399.99999996007,
      "p99": 759700.0000000093,
      "runs": 500,
      "stddev": 127278.4243302844
    },
    "warm_exec_ns": {
      "max": 2420700.0000000107,
      "mean": 2605.619999999876,
      "median": 1900.0000000346515,
      "min": 1699.999999971169,
      "p95": 2699.999999947522,
      "p99": 4999.9999999954525,
      "runs": 5000,
      "stddev": 34294.984974710365
    }
  },
  "v8_compat": {
    "correct": true,
    "has_body": true,
    "status": 200
  },
  "v8_rss": {
    "count": 10000,
    "per_context": {
      "max": 190502,
      "mean": 49436.2,
      "median": 14208,
      "min": 13801,
      "p95": 190502,
      "p99": 190502,
      "runs": 5,
      "stddev": 70533.24762805126
    },
    "rss_delta": {
      "max": 1905020928,
      "mean": 494362624,
      "median": 142082048,
      "min": 138010624,
      "p95": 1905020928,
      "p99": 1905020928,
      "runs": 5,
      "stddev": 705332629.7118704
    },
    "runs": 5
  },
  "v8_version": "13.6.233.17-node.37",
  "version": "unified-v2",
  "workers": {
    "cold_start_ns": {
      "max": 99342799.99999996,
      "mean": 70846480,
      "median": 62926700.0000001,
      "min": 61213700.000000015,
      "p95": 99342799.99999996,
      "p99": 99342799.99999996,
      "runs": 5,
      "stddev": 14535925.927631827
    },
    "warm_exec_ns": {
      "max": 8105700.00000007,
      "mean": 1003085.699999999,
      "median": 943099.9999999586,
      "min": 706699.9999999553,
      "p95": 1410599.9999999313,
      "p99": 2090099.9999998931,
      "runs": 1000,
      "stddev": 370525.85268171167
    }
  },
  "workers_compat": {
    "correct": true,
    "has_body": true,
    "status": 200
  },
  "workers_rss": {
    "actual_count": 100,
    "extrapolated_10k_mb": {
      "max": 6068.754196166992,
      "mean": 240.10340372721353,
      "median": -1945.3144073486328,
      "min": -3403.1295776367188,
      "p95": 6068.754196166992,
      "p99": 6068.754196166992,
      "runs": 3,
      "stddev": 4164.227324313372
    },
    "per_worker": {
      "max": 636355,
      "mean": 25176.666666666668,
      "median": -203981,
      "min": -356844,
      "p95": 636355,
      "p99": 636355,
      "runs": 3,
      "stddev": 436650.8830819219
    },
    "rss_delta": {
      "max": 63635456,
      "mean": 2517674.6666666665,
      "median": -20398080,
      "min": -35684352,
      "p95": 63635456,
      "p99": 63635456,
      "runs": 3,
      "stddev": 43665050.28239677
    },
    "runs": 3,
    "target_count": 10000
  },
  "workex": {
    "cold_start_ns": {
      "mean": 290180.0,
      "median": 221900.0,
      "p99": 574100.0,
      "stddev": 142162.9121817642
    },
    "compat": true,
    "rss_10k": {
      "mean_bytes": 657491285.3333334,
      "median_bytes": 657342464.0,
      "per_isolate_kb": 64.20813333333334
    },
    "warm_exec_ns": {
      "mean": 5712.99,
      "median": 5805.95,
      "p99": 5941.9,
      "stddev": 220.8359762357573
    }
  }
}