{
  "node_version": "v24.12.0",
  "runs": 5,
  "v8": {
    "cold_start_ns": {
      "max": 2632600.000000025,
      "mean": 279856.4000000005,
      "median": 246199.9999999875,
      "min": 208499.99999995815,
      "p95": 443000.00000004045,
      "p99": 1008199.999999988,
      "runs": 500,
      "stddev": 153446.17616297957
    },
    "warm_exec_ns": {
      "max": 2290200.000000027,
      "mean": 2521.6999999998616,
      "median": 1899.9999999778083,
      "min": 1699.999999971169,
      "p95": 2700.0000000043656,
      "p99": 4599.999999982174,
      "runs": 5000,
      "stddev": 32420.432370806324
    }
  },
  "v8_compat": {
    "correct": true,
    "has_body": true,
    "status": 200
  },
  "v8_rss": {
    "count": 10000,
    "per_context": {
      "max": 190574,
      "mean": 49650.4,
      "median": 14479,
      "min": 14261,
      "p95": 190574,
      "p99": 190574,
      "runs": 5,
      "stddev": 70461.96116941396
    },
    "rss_delta": {
      "max": 1905741824,
      "mean": 496504012.8,
      "median": 144793600,
      "min": 142606336,
      "p95": 1905741824,
      "p99": 1905741824,
      "runs": 5,
      "stddev": 704620515.683737
    },
    "runs": 5
  },
  "v8_version": "13.6.233.17-node.37",
  "version": "unified-v3",
  "workers": {
    "cold_start_ns": {
      "max": 103944600.00000004,
      "mean": 75315939.99999997,
      "median": 69166200,
      "min": 65955799.999999955,
      "p95": 103944600.00000004,
      "p99": 103944600.00000004,
      "runs": 5,
      "stddev": 14366483.33609867
    },
    "warm_exec_ns": {
      "max": 6429399.999999987,
      "mean": 1075108.5999999945,
      "median": 1009900.000000016,
      "min": 757399.9999999615,
      "p95": 1492600.0000000386,
      "p99": 2129399.999999805,
      "runs": 1000,
      "stddev": 375201.62337873457
    }
  },
  "workers_compat": {
    "correct": true,
    "has_body": true,
    "status": 200
  },
  "workers_rss": {
    "actual_count": 100,
    "extrapolated_10k_mb": {
      "max": 5932.035446166992,
      "mean": 552.4762471516927,
      "median": 1438.283920288086,
      "min": -5712.890625,
      "p95": 5932.035446166992,
      "p99": 5932.035446166992,
      "runs": 3,
      "stddev": 4795.106340571025
    },
    "per_worker": {
      "max": 622019,
      "mean": 57931.333333333336,
      "median": 150815,
      "min": -599040,
      "p95": 622019,
      "p99": 622019,
      "runs": 3,
      "stddev": 502803.3426170603
    },
    "rss_delta": {
      "max": 62201856,
      "mean": 5793109.333333333,
      "median": 15081472,
      "min": -59904000,
      "p95": 62201856,
      "p99": 62201856,
      "runs": 3,
      "stddev": 50280316.08322704
    },
    "runs": 3,
    "target_count": 10000
  },
  "workex": {
    "cold_start_ns": {
      "mean": 331280.0,
      "median": 223400.0,
      "p99": 804100.0,
      "stddev": 236803.2212618739
    },
    "compat": true,
    "rss_10k": {
      "mean_bytes": 657465344.0,
      "median_bytes": 657326080.0,
      "per_isolate_kb": 64.2056
    },
    "warm_exec_ns": {
      "mean": 6026.82,
      "median": 5838.15,
      "p99": 6880.25,
      "stddev": 427.3799007908538
    }
  }
}