{
  "node_version": "v24.12.0",
  "runs": 5,
  "v8": {
    "cold_start_ns": {
      "max": 2202499.9999999865,
      "mean": 268834.3999999993,
      "median": 248799.99999996016,
      "min": 212400.00000000236,
      "p95": 333500.000000015,
      "p99": 688600.0000000081,
      "runs": 500,
      "stddev": 112945.80796399662
    },
    "warm_exec_ns": {
      "max": 2439300.000000003,
      "mean": 2916.8799999994753,
      "median": 2100.000000041291,
      "min": 1699.9999999143256,
      "p95": 3299.99999996744,
      "p99": 5899.999999996908,
      "runs": 5000,
      "stddev": 34669.31714161101
    }
  },
  "v8_compat": {
    "correct": true,
    "has_body": true,
    "status": 200
  },
  "v8_rss": {
    "count": 10000,
    "per_context": {
      "max": 190233,
      "mean": 49072.2,
      "median": 13869,
      "min": 13371,
      "p95": 190233,
      "p99": 190233,
      "runs": 5,
      "stddev": 70580.78988903425
    },
    "rss_delta": {
      "max": 1902333952,
      "mean": 490719641.6,
      "median": 138686464,
      "min": 133705728,
      "p95": 1902333952,
      "p99": 1902333952,
      "runs": 5,
      "stddev": 705811054.2027512
    },
    "runs": 5
  },
  "v8_version": "13.6.233.17-node.37",
  "version": "unified-v1",
  "workers": {
    "cold_start_ns": {
      "max": 255054200.00000003,
      "mean": 164917200,
      "median": 143731999.99999997,
      "min": 135466599.99999997,
      "p95": 255054200.00000003,
      "p99": 255054200.00000003,
      "runs": 5,
      "stddev": 45237135.7545988
    },
    "warm_exec_ns": {
      "max": 8397500.000000037,
      "mean": 1080425.1999999918,
      "median": 1013500.000000022,
      "min": 788800.0000002648,
      "p95": 1385800.0000000177,
      "p99": 2632799.9999998612,
      "runs": 1000,
      "stddev": 423197.7801748996
    }
  },
  "workers_compat": {
    "correct": true,
    "has_body": true,
    "status": 200
  },
  "workers_rss": {
    "actual_count": 100,
    "extrapolated_10k_mb": {
      "max": 6462.497711181641,
      "mean": 2017.5774892171223,
      "median": 1374.6070861816406,
      "min": -1784.372329711914,
      "p95": 6462.497711181641,
      "p99": 6462.497711181641,
      "runs": 3,
      "stddev": 3397.329791883779
    },
    "per_worker": {
      "max": 677642,
      "mean": 211558.33333333337,
      "median": 144138,
      "min": -187105,
      "p95": 677642,
      "p99": 677642,
      "runs": 3,
      "stddev": 356235.8483854325
    },
    "rss_delta": {
      "max": 67764224,
      "mean": 21155840,
      "median": 14413824,
      "min": -18710528,
      "p95": 67764224,
      "p99": 67764224,
      "runs": 3,
      "stddev": 35623604.23626979
    },
    "runs": 3,
    "target_count": 10000
  },
  "workex": {
    "cold_start_ns": {
      "mean": 387900.0,
      "median": 259900.0,
      "p99": 898900.0,
      "stddev": 257541.08798403412
    },
    "compat": true,
    "rss_10k": {
      "mean_bytes": 658373290.6666666,
      "median_bytes": 657723392.0,
      "per_isolate_kb": 64.29426666666666
    },
    "warm_exec_ns": {
      "mean": 17025.879999999997,
      "median": 16963.6,
      "p99": 17218.6,
      "stddev": 135.06979529117504
    }
  }
}