{
  "node_version": "v24.12.0",
  "runs": 5,
  "v8": {
    "cold_start_ns": {
      "max": 2520600.000000002,
      "mean": 271538.2000000015,
      "median": 243899.99999999645,
      "min": 209499.99999999136,
      "p95": 400299.9999999588,
      "p99": 745699.9999999994,
      "runs": 500,
      "stddev": 132561.9820339144
    },
    "warm_exec_ns": {
      "max": 2630700.000000047,
      "mean": 2820.4399999997863,
      "median": 1900.0000000346515,
      "min": 1699.999999971169,
      "p95": 2900.000000011005,
      "p99": 5800.00000002201,
      "runs": 5000,
      "stddev": 37591.37244377289
    }
  },
  "v8_compat": {
    "correct": true,
    "has_body": true,
    "status": 200
  },
  "v8_rss": {
    "count": 10000,
    "per_context": {
      "max": 188815,
      "mean": 48704.4,
      "median": 13722,
      "min": 13434,
      "p95": 188815,
      "p99": 188815,
      "runs": 5,
      "stddev": 70055.56920216979
    },
    "rss_delta": {
      "max": 1888149504,
      "mean": 487043891.2,
      "median": 137216000,
      "min": 134344704,
      "p95": 1888149504,
      "p99": 1888149504,
      "runs": 5,
      "stddev": 700555499.1900705
    },
    "runs": 5
  },
  "v8_version": "13.6.233.17-node.37",
  "version": "unified-v6",
  "workers": {
    "cold_start_ns": {
      "max": 100330500.00000004,
      "mean": 73900920,
      "median": 66444899.99999996,
      "min": 64717499.99999997,
      "p95": 100330500.00000004,
      "p99": 100330500.00000004,
      "runs": 5,
      "stddev": 13431118.316268403
    },
    "warm_exec_ns": {
      "max": 5812999.999999874,
      "mean": 1147575.5999999966,
      "median": 1058700.0000000445,
      "min": 778900.0000000214,
      "p95": 1641200.000000026,
      "p99": 2394700.0000000573,
      "runs": 1000,
      "stddev": 356376.0152207783
    }
  },
  "workers_compat": {
    "correct": true,
    "has_body": true,
    "status": 200
  },
  "workers_rss": {
    "actual_count": 100,
    "extrapolated_10k_mb": {
      "max": 5967.578887939453,
      "mean": 2270.8352406819663,
      "median": 861.7210388183594,
      "min": -16.794204711914062,
      "p95": 5967.578887939453,
      "p99": 5967.578887939453,
      "runs": 3,
      "stddev": 2638.4821966972736
    },
    "per_worker": {
      "max": 625746,
      "mean": 238114.33333333337,
      "median": 90358,
      "min": -1761,
      "p95": 625746,
      "p99": 625746,
      "runs": 3,
      "stddev": 276664.910788404
    },
    "rss_delta": {
      "max": 62574592,
      "mean": 23811413.333333332,
      "median": 9035776,
      "min": -176128,
      "p95": 62574592,
      "p99": 62574592,
      "runs": 3,
      "stddev": 27666499.70733854
    },
    "runs": 3,
    "target_count": 10000
  },
  "workex": {
    "cold_start_ns": {
      "mean": 301420.0,
      "median": 224400.0,
      "p99": 641800.0,
      "stddev": 170662.65437991993
    },
    "compat": true,
    "rss_10k": {
      "mean_bytes": 657476266.6666666,
      "median_bytes": 657342464.0,
      "per_isolate_kb": 64.20666666666666
    },
    "warm_exec_ns": {
      "mean": 5716.869999999999,
      "median": 5627.4,
      "p99": 6345.8,
      "stddev": 325.91717905013854
    }
  }
}