{
  "node_version": "v24.12.0",
  "runs": 5,
  "v8": {
    "cold_start_ns": {
      "max": 2118299.9999999767,
      "mean": 262756.79999999964,
      "median": 245200.0000000112,
      "min": 211400.000000026,
      "p95": 319099.99999999173,
      "p99": 590700.0000000267,
      "runs": 500,
      "stddev": 101948.70030441647
    },
    "warm_exec_ns": {
      "max": 132300.00000010023,
      "mean": 2135.339999999264,
      "median": 1899.9999999778083,
      "min": 1699.9999999143256,
      "p95": 2999.9999999290594,
      "p99": 4800.000000045657,
      "runs": 5000,
      "stddev": 3489.582938461825
    }
  },
  "v8_compat": {
    "correct": true,
    "has_body": true,
    "status": 200
  },
  "v8_rss": {
    "count": 10000,
    "per_context": {
      "max": 189366,
      "mean": 49075,
      "median": 14102,
      "min": 13315,
      "p95": 189366,
      "p99": 189366,
      "runs": 5,
      "stddev": 70147.47024661688
    },
    "rss_delta": {
      "max": 1893658624,
      "mean": 490749132.8,
      "median": 141021184,
      "min": 133152768,
      "p95": 1893658624,
      "p99": 1893658624,
      "runs": 5,
      "stddev": 701474441.8785882
    },
    "runs": 5
  },
  "v8_version": "13.6.233.17-node.37",
  "version": "unified-v4",
  "workers": {
    "cold_start_ns": {
      "max": 479875699.99999994,
      "mean": 167322740,
      "median": 87854100.00000001,
      "min": 65928699.99999993,
      "p95": 479875699.99999994,
      "p99": 479875699.99999994,
      "runs": 5,
      "stddev": 157467162.8733381
    },
    "warm_exec_ns": {
      "max": 4677300.000000287,
      "mean": 1102009.8000000047,
      "median": 1033100.000000104,
      "min": 800000.0000001818,
      "p95": 1548099.9999999767,
      "p99": 2376899.9999997504,
      "runs": 1000,
      "stddev": 306588.65452583006
    }
  },
  "workers_compat": {
    "correct": true,
    "has_body": true,
    "status": 200
  },
  "workers_rss": {
    "actual_count": 100,
    "extrapolated_10k_mb": {
      "max": 903.9020538330078,
      "mean": -200.39240519205728,
      "median": 290.23170471191406,
      "min": -1795.3109741210938,
      "p95": 903.9020538330078,
      "p99": 903.9020538330078,
      "runs": 3,
      "stddev": 1155.2695949383665
    },
    "per_worker": {
      "max": 94781,
      "mean": -21012.666666666668,
      "median": 30433,
      "min": -188252,
      "p95": 94781,
      "p99": 94781,
      "runs": 3,
      "stddev": 121138.79707820925
    },
    "rss_delta": {
      "max": 9478144,
      "mean": -2101248,
      "median": 3043328,
      "min": -18825216,
      "p95": 9478144,
      "p99": 9478144,
      "runs": 3,
      "stddev": 12113905.054034172
    },
    "runs": 3,
    "target_count": 10000
  },
  "workex": {
    "cold_start_ns": {
      "mean": 398180.0,
      "median": 236300.0,
      "p99": 1048100.0,
      "stddev": 325019.76186072134
    },
    "compat": true,
    "rss_10k": {
      "mean_bytes": 659318101.3333334,
      "median_bytes": 657772544.0,
      "per_isolate_kb": 64.38653333333333
    },
    "warm_exec_ns": {
      "mean": 5632.93,
      "median": 5636.3,
      "p99": 5643.45,
      "stddev": 8.952016532602986
    }
  }
}