{
  "node_version": "v24.12.0",
  "runs": 5,
  "v8": {
    "cold_start_ns": {
      "max": 1960000.0000000363,
      "mean": 260023.80000000057,
      "median": 233200.0000000107,
      "min": 211299.99999999427,
      "p95": 345000.0000000273,
      "p99": 864499.999999964,
      "runs": 500,
      "stddev": 115400.82275945872
    },
    "warm_exec_ns": {
      "max": 2831299.9999999986,
      "mean": 2677.459999999561,
      "median": 1899.9999999778083,
      "min": 1699.999999971169,
      "p95": 2700.0000000043656,
      "p99": 4500.000000007276,
      "runs": 5000,
      "stddev": 40101.379352191885
    }
  },
  "v8_compat": {
    "correct": true,
    "has_body": true,
    "status": 200
  },
  "v8_rss": {
    "count": 10000,
    "per_context": {
      "max": 188697,
      "mean": 48890.2,
      "median": 14259,
      "min": 13474,
      "p95": 188697,
      "p99": 188697,
      "runs": 5,
      "stddev": 69904.06757664392
    },
    "rss_delta": {
      "max": 1886969856,
      "mean": 488901017.6,
      "median": 142585856,
      "min": 134737920,
      "p95": 1886969856,
      "p99": 1886969856,
      "runs": 5,
      "stddev": 699041091.9586422
    },
    "runs": 5
  },
  "v8_version": "13.6.233.17-node.37",
  "version": "unified-v8",
  "workers": {
    "cold_start_ns": {
      "max": 146925300,
      "mean": 93149300.0,
      "median": 79943600.00000006,
      "min": 76156499.99999994,
      "p95": 146925300,
      "p99": 146925300,
      "runs": 5,
      "stddev": 26979330.306366023
    },
    "warm_exec_ns": {
      "max": 5902099.999999791,
      "mean": 1146606.5999999957,
      "median": 1046000.0000000492,
      "min": 751899.9999999778,
      "p95": 1714600.0000000186,
      "p99": 2926300.000000083,
      "runs": 1000,
      "stddev": 419413.2267781164
    }
  },
  "workers_compat": {
    "correct": true,
    "has_body": true,
    "status": 200
  },
  "workers_rss": {
    "actual_count": 100,
    "extrapolated_10k_mb": {
      "max": 5970.706939697266,
      "mean": 841.2774403889974,
      "median": 274.6105194091797,
      "min": -3721.485137939453,
      "p95": 5970.706939697266,
      "p99": 5970.706939697266,
      "runs": 3,
      "stddev": 3977.0575695230223
    },
    "per_worker": {
      "max": 626074,
      "mean": 88214.33333333333,
      "median": 28795,
      "min": -390226,
      "p95": 626074,
      "p99": 626074,
      "runs": 3,
      "stddev": 417024.7118020172
    },
    "rss_delta": {
      "max": 62607360,
      "mean": 8821418.666666666,
      "median": 2879488,
      "min": -39022592,
      "p95": 62607360,
      "p99": 62607360,
      "runs": 3,
      "stddev": 41702451.49401637
    },
    "runs": 3,
    "target_count": 10000
  },
  "workex": {
    "cold_start_ns": {
      "mean": 367580.0,
      "median": 262200.0,
      "p99": 870700.0,
      "stddev": 252506.73971203223
    },
    "compat": true,
    "rss_10k": {
      "mean_bytes": 657483093.3333334,
      "median_bytes": 657321984.0,
      "per_isolate_kb": 64.20733333333334
    },
    "warm_exec_ns": {
      "mean": 6807.58,
      "median": 6809.6,
      "p99": 7019.3,
      "stddev": 146.90126820419235
    }
  }
}