{
  "node_version": "v24.12.0",
  "runs": 5,
  "v8": {
    "cold_start_ns": {
      "max": 2290500.000000009,
      "mean": 323750.000000001,
      "median": 294299.99999996426,
      "min": 250800.00000002657,
      "p95": 475600.0000000995,
      "p99": 805500.0000000518,
      "runs": 500,
      "stddev": 132446.98282709543
    },
    "warm_exec_ns": {
      "max": 2672699.999999963,
      "mean": 2640.2600000000184,
      "median": 1899.9999999778083,
      "min": 1699.9999999143256,
      "p95": 2799.9999999792635,
      "p99": 4899.999999906868,
      "runs": 5000,
      "stddev": 37861.35910307978
    }
  },
  "v8_compat": {
    "correct": true,
    "has_body": true,
    "status": 200
  },
  "v8_rss": {
    "count": 10000,
    "per_context": {
      "max": 188582,
      "mean": 48912.4,
      "median": 14334,
      "min": 13551,
      "p95": 188582,
      "p99": 188582,
      "runs": 5,
      "stddev": 69835.6331527108
    },
    "rss_delta": {
      "max": 1885822976,
      "mean": 489121382.4,
      "median": 143335424,
      "min": 135507968,
      "p95": 1885822976,
      "p99": 1885822976,
      "runs": 5,
      "stddev": 698359125.4303759
    },
    "runs": 5
  },
  "v8_version": "13.6.233.17-node.37",
  "version": "unified-v5",
  "workers": {
    "cold_start_ns": {
      "max": 222154700.0000001,
      "mean": 96771880.0,
      "median": 67401200.00000001,
      "min": 62993699.99999999,
      "p95": 222154700.0000001,
      "p99": 222154700.0000001,
      "runs": 5,
      "stddev": 62721811.1351833
    },
    "warm_exec_ns": {
      "max": 8585000.000000037,
      "mean": 1170499.9,
      "median": 1065299.9999999793,
      "min": 793799.9999999192,
      "p95": 1701800.0000000484,
      "p99": 3136300.000000119,
      "runs": 1000,
      "stddev": 456447.0219970644
    }
  },
  "workers_compat": {
    "correct": true,
    "has_body": true,
    "status": 200
  },
  "workers_rss": {
    "actual_count": 100,
    "extrapolated_10k_mb": {
      "max": 801.5632629394531,
      "mean": 80.85886637369792,
      "median": 571.4797973632812,
      "min": -1130.4664611816406,
      "p95": 801.5632629394531,
      "p99": 801.5632629394531,
      "runs": 3,
      "stddev": 861.6713941194643
    },
    "per_worker": {
      "max": 84050,
      "mean": 8478.666666666666,
      "median": 59924,
      "min": -118538,
      "p95": 84050,
      "p99": 84050,
      "runs": 3,
      "stddev": 90352.79437602112
    },
    "rss_delta": {
      "max": 8404992,
      "mean": 847872,
      "median": 5992448,
      "min": -11853824,
      "p95": 8404992,
      "p99": 8404992,
      "runs": 3,
      "stddev": 9035297.56364065
    },
    "runs": 3,
    "target_count": 10000
  },
  "workex": {
    "cold_start_ns": {
      "mean": 300080.0,
      "median": 217600.0,
      "p99": 600800.0,
      "stddev": 154090.43318778748
    },
    "compat": true,
    "rss_10k": {
      "mean_bytes": 657480362.6666666,
      "median_bytes": 657326080.0,
      "per_isolate_kb": 64.20706666666666
    },
    "warm_exec_ns": {
      "mean": 5681.01,
      "median": 5447.45,
      "p99": 6186.95,
      "stddev": 330.95355927984804
    }
  }
}