{
  "node_version": "v24.12.0",
  "runs": 5,
  "v8": {
    "cold_start_ns": {
      "max": 1995600.0000000244,
      "mean": 254935.59999999971,
      "median": 235900.0000000151,
      "min": 206599.99999998035,
      "p95": 338600.0000000422,
      "p99": 615900.0000000106,
      "runs": 500,
      "stddev": 101780.7506979607
    },
    "warm_exec_ns": {
      "max": 3010800.0000000177,
      "mean": 2704.420000000116,
      "median": 1899.9999999778083,
      "min": 1699.999999971169,
      "p95": 2700.0000000043656,
      "p99": 5100.000000027194,
      "runs": 5000,
      "stddev": 42612.645053594366
    }
  },
  "v8_compat": {
    "correct": true,
    "has_body": true,
    "status": 200
  },
  "v8_rss": {
    "count": 10000,
    "per_context": {
      "max": 188947,
      "mean": 48881.6,
      "median": 14186,
      "min": 13441,
      "p95": 188947,
      "p99": 188947,
      "runs": 5,
      "stddev": 70033.48372485835
    },
    "rss_delta": {
      "max": 1889472512,
      "mean": 488816640,
      "median": 141856768,
      "min": 134410240,
      "p95": 1889472512,
      "p99": 1889472512,
      "runs": 5,
      "stddev": 700335771.8198771
    },
    "runs": 5
  },
  "v8_version": "13.6.233.17-node.37",
  "version": "unified-v9",
  "workers": {
    "cold_start_ns": {
      "max": 99716900.0,
      "mean": 84107459.99999999,
      "median": 80966400.00000001,
      "min": 78365500,
      "p95": 99716900.0,
      "p99": 99716900.0,
      "runs": 5,
      "stddev": 7926724.087692226
    },
    "warm_exec_ns": {
      "max": 6071400.00000004,
      "mean": 1272301.3999999953,
      "median": 1166600.0000000168,
      "min": 837999.9999997381,
      "p95": 1875600.0000000768,
      "p99": 3150799.99999989,
      "runs": 1000,
      "stddev": 442824.4851609292
    }
  },
  "workers_compat": {
    "correct": true,
    "has_body": true,
    "status": 200
  },
  "workers_rss": {
    "actual_count": 100,
    "extrapolated_10k_mb": {
      "max": 1450.0045776367188,
      "mean": -387.2362772623698,
      "median": -816.0114288330078,
      "min": -1795.7019805908203,
      "p95": 1450.0045776367188,
      "p99": 1450.0045776367188,
      "runs": 3,
      "stddev": 1359.2985601609953
    },
    "per_worker": {
      "max": 152044,
      "mean": -40604.666666666664,
      "median": -85565,
      "min": -188293,
      "p95": 152044,
      "p99": 152044,
      "runs": 3,
      "stddev": 142532.78470193758
    },
    "rss_delta": {
      "max": 15204352,
      "mean": -4060501.3333333335,
      "median": -8556544,
      "min": -18829312,
      "p95": 15204352,
      "p99": 15204352,
      "runs": 3,
      "stddev": 14253265.615560742
    },
    "runs": 3,
    "target_count": 10000
  },
  "workex": {
    "cold_start_ns": {
      "mean": 335560.0,
      "median": 234700.0,
      "p99": 782600.0,
      "stddev": 223886.97684322775
    },
    "compat": true,
    "rss_10k": {
      "mean_bytes": 657474901.3333334,
      "median_bytes": 657317888.0,
      "per_isolate_kb": 64.20653333333334
    },
    "warm_exec_ns": {
      "mean": 6772.75,
      "median": 6703.6,
      "p99": 7003.6,
      "stddev": 188.41412632815002
    }
  }
}