{
  "node_version": "v24.12.0",
  "runs": 5,
  "v8": {
    "cold_start_ns": {
      "max": 1986299.9999999716,
      "mean": 258893.00000000096,
      "median": 238200.00000000617,
      "min": 210300.00000001793,
      "p95": 345200.00000003394,
      "p99": 563400.0000000014,
      "runs": 500,
      "stddev": 99164.90634796016
    },
    "warm_exec_ns": {
      "max": 2936899.99999998,
      "mean": 2704.440000000218,
      "median": 1899.9999999778083,
      "min": 1699.999999971169,
      "p95": 2799.9999999792635,
      "p99": 4899.999999963711,
      "runs": 5000,
      "stddev": 41598.86412255
    }
  },
  "v8_compat": {
    "correct": true,
    "has_body": true,
    "status": 200
  },
  "v8_rss": {
    "count": 10000,
    "per_context": {
      "max": 190131,
      "mean": 49135.4,
      "median": 14155,
      "min": 13405,
      "p95": 190131,
      "p99": 190131,
      "runs": 5,
      "stddev": 70498.63506650324
    },
    "rss_delta": {
      "max": 1901314048,
      "mean": 491354521.6,
      "median": 141545472,
      "min": 134053888,
      "p95": 1901314048,
      "p99": 1901314048,
      "runs": 5,
      "stddev": 704988102.4160259
    },
    "runs": 5
  },
  "v8_version": "13.6.233.17-node.37",
  "version": "unified-v12",
  "workers": {
    "cold_start_ns": {
      "max": 132768900.00000004,
      "mean": 81323440,
      "median": 70254199.99999997,
      "min": 64242600.00000004,
      "p95": 132768900.00000004,
      "p99": 132768900.00000004,
      "runs": 5,
      "stddev": 25846415.77353426
    },
    "warm_exec_ns": {
      "max": 6675500.000000057,
      "mean": 1241682.4000000008,
      "median": 1159999.9999998545,
      "min": 847200.0000001572,
      "p95": 1709499.9999999346,
      "p99": 3299999.999999727,
      "runs": 1000,
      "stddev": 419424.7385529803
    }
  },
  "workers_compat": {
    "correct": true,
    "has_body": true,
    "status": 200
  },
  "workers_rss": {
    "actual_count": 100,
    "extrapolated_10k_mb": {
      "max": 3659.7633361816406,
      "mean": 1239.8433685302734,
      "median": 2878.122329711914,
      "min": -2818.3555603027344,
      "p95": 3659.7633361816406,
      "p99": 3659.7633361816406,
      "runs": 3,
      "stddev": 2887.267979161244
    },
    "per_worker": {
      "max": 383754,
      "mean": 130007,
      "median": 301793,
      "min": -295526,
      "p95": 383754,
      "p99": 383754,
      "runs": 3,
      "stddev": 302751.9908516981
    },
    "rss_delta": {
      "max": 38375424,
      "mean": 13000704,
      "median": 30179328,
      "min": -29552640,
      "p95": 38375424,
      "p99": 38375424,
      "runs": 3,
      "stddev": 30275229.82678586
    },
    "runs": 3,
    "target_count": 10000
  },
  "workex": {
    "cold_start_ns": {
      "mean": 362560.0,
      "median": 221600.0,
      "p99": 914500.0,
      "stddev": 276298.010126747
    },
    "compat": true,
    "rss_10k": {
      "mean_bytes": 657489920.0,
      "median_bytes": 657338368.0,
      "per_isolate_kb": 64.208
    },
    "warm_exec_ns": {
      "mean": 5662.7699999999995,
      "median": 5497.65,
      "p99": 6283.95,
      "stddev": 312.4535815125184
    }
  }
}