{
  "node_version": "v24.12.0",
  "runs": 5,
  "v8": {
    "cold_start_ns": {
      "max": 2079799.9999999776,
      "mean": 259211.4,
      "median": 235400.00000002692,
      "min": 208700.00000002165,
      "p95": 364100.0000000076,
      "p99": 735799.9999999834,
      "runs": 500,
      "stddev": 110551.62888912976
    },
    "warm_exec_ns": {
      "max": 3017999.999999972,
      "mean": 2674.659999999491,
      "median": 1899.9999999778083,
      "min": 1599.999999996271,
      "p95": 2600.0000000294676,
      "p99": 4599.999999982174,
      "runs": 5000,
      "stddev": 42715.477989651066
    }
  },
  "v8_compat": {
    "correct": true,
    "has_body": true,
    "status": 200
  },
  "v8_rss": {
    "count": 10000,
    "per_context": {
      "max": 189908,
      "mean": 49238.4,
      "median": 14175,
      "min": 13557,
      "p95": 189908,
      "p99": 189908,
      "runs": 5,
      "stddev": 70335.37706616777
    },
    "rss_delta": {
      "max": 1899081728,
      "mean": 492384256,
      "median": 141750272,
      "min": 135565312,
      "p95": 1899081728,
      "p99": 1899081728,
      "runs": 5,
      "stddev": 703354513.9992537
    },
    "runs": 5
  },
  "v8_version": "13.6.233.17-node.37",
  "version": "unified-v14",
  "workers": {
    "cold_start_ns": {
      "max": 135777000,
      "mean": 88366080.00000003,
      "median": 77332200.00000006,
      "min": 73265499.99999997,
      "p95": 135777000,
      "p99": 135777000,
      "runs": 5,
      "stddev": 23800130.803623736
    },
    "warm_exec_ns": {
      "max": 6773900.00000014,
      "mean": 1148290.3999999985,
      "median": 1039800.000000014,
      "min": 768700.0000000808,
      "p95": 1738399.999999956,
      "p99": 3120799.9999999176,
      "runs": 1000,
      "stddev": 449606.3125533805
    }
  },
  "workers_compat": {
    "correct": true,
    "has_body": true,
    "status": 200
  },
  "workers_rss": {
    "actual_count": 100,
    "extrapolated_10k_mb": {
      "max": 6466.01676940918,
      "mean": -2493.098576863607,
      "median": -6162.500381469727,
      "min": -7782.812118530273,
      "p95": 6466.01676940918,
      "p99": 6466.01676940918,
      "runs": 3,
      "stddev": 6369.493091928088
    },
    "per_worker": {
      "max": 678011,
      "mean": -261420.33333333337,
      "median": -646185,
      "min": -816087,
      "p95": 678011,
      "p99": 678011,
      "runs": 3,
      "stddev": 667889.7588361587
    },
    "rss_delta": {
      "max": 67801088,
      "mean": -26142037.333333332,
      "median": -64618496,
      "min": -81608704,
      "p95": 67801088,
      "p99": 67801088,
      "runs": 3,
      "stddev": 66788970.59653187
    },
    "runs": 3,
    "target_count": 10000
  },
  "workex": {
    "cold_start_ns": {
      "mean": 329400.0,
      "median": 217500.0,
      "p99": 783300.0,
      "stddev": 228348.78585181924
    },
    "compat": true,
    "rss_10k": {
      "mean_bytes": 657473536.0,
      "median_bytes": 657321984.0,
      "per_isolate_kb": 64.2064
    },
    "warm_exec_ns": {
      "mean": 6504.85,
      "median": 6225.5,
      "p99": 7347.0,
      "stddev": 445.4882243112605
    }
  }
}